{"cameraMode":{"drawMode":0,"name":"Shaded","section":"Shading Mode"},"sceneLighting":true,"audioPlay":false,"sceneViewState":{"m_AlwaysRefresh":false,"showFog":true,"showSkybox":true,"showFlares":true,"showImageEffects":true,"showParticleSystems":true,"showVisualEffectGraphs":true,"m_FxEnabled":true},"in2DMode":false,"pivot":{"x":1.367762804031372,"y":1.4700000286102296,"z":-1.7670660018920899},"rotation":{"x":0.07089968770742417,"y":-0.7782042622566223,"z":0.08934634178876877,"w":0.6175400018692017},"size":1.2247449159622193,"orthographic":false}